date,PC1,PC2,PC3,PC4,PC5,PC6,PC7,PC8,PC9,PC10,PC11,PC12,PC13,PC14,PC15
2013-06-01,3.1062640262184065,1.3982617213658324,3.0972125442079417,-0.5002149007351394,-0.37669589150985017,-1.189107249552181,-0.9288594531520532,0.7036046415322328,1.3580399547115105,-1.457570596304122,0.1224419493054021,0.3412203188072298,0.12203781819513819,0.019840572865625305,0.012067931161548844
2013-07-01,3.7215042390351187,-1.23231615921602,1.0855788382165887,0.21885436350058038,0.10966413686226749,0.8494298952907873,0.10941139277176566,-0.796627563769245,0.1995115969635091,-0.25834566784922075,0.13221427694101423,0.8382810814858004,0.28917694514339154,0.01648640204236542,0.008451576852077446
2013-08-01,3.419798034237701,1.7963792646364216,1.1664767976339812,0.8984663382574047,-0.8860272290312764,-0.24246464572347942,-0.019184859871322752,-0.6078759272406163,0.40010142842176677,1.5472422281550267,0.06816399058702488,0.7610964939842381,0.23064589724968843,0.011471476432104668,0.010991207367969616
2013-09-01,3.446943811396929,-0.19918375138960517,0.33451325754352595,-0.22689981574311577,-0.6531358724128158,0.12634466833054145,-0.8784772789252139,-0.22398271683743445,0.5586768434088102,0.004511923871352448,0.4986157038265893,0.7994802279483268,-0.04401577785764078,0.010620143567142496,0.008907919526696844
2013-10-01,3.498215049154756,-1.1519587431279124,0.8275477704675847,-0.2870107010846788,-0.13895148834862103,0.5496529897315087,-0.5967076036037476,-0.4352127665379858,0.31122113385081474,0.010791328209634176,0.5023634965823823,0.702649535685115,-0.03795089840211893,0.019047037624343587,0.006730052598010629
2013-11-01,3.451212177939465,0.7183593308007785,1.8102675163078303,0.8462635815411287,0.15151915040896294,-0.5829821684115454,-0.7503516526900172,-0.6920755854992852,0.13745740597858397,0.19167212688858426,0.2813871815115868,0.3639479158856111,-0.06034609063230091,0.009682370096312762,0.01894077178243986
2013-12-01,3.431240628739755,0.6363354576118637,2.16792925785723,-0.2914692352005813,-0.5452160761830749,-0.3125465755819079,-0.7025650095480567,-0.3856044298688494,-0.2620228952856666,1.33751057502107,0.2879320673113996,1.0029158535578622,-0.33054778911971555,0.0039051680069179646,0.012068031757925859
2014-01-01,3.3818846247505814,-0.2553589526985679,-2.086939702643214,0.22519914745476266,-0.9624694885252484,0.32843311549918514,-1.091788971536983,-0.6051678201621676,1.753533229907609,-0.9511012277247363,0.6311401609744564,0.2338857387254809,-0.38392185752007885,0.0005358810195991798,0.002227899885478403
2014-02-01,3.1637602864603935,-0.4862601184280819,1.694615550174619,-0.4626952490146002,0.07040830278831925,0.21641016937595658,-0.7467020447182353,-0.28868174329668755,0.03792311361070124,0.004788997600186957,0.1837021700510655,0.7640122902056368,-0.17193959995993244,0.015230381645980607,0.0015056820786697191
2014-03-01,2.9580435078298866,0.11139435689132479,0.25208413363079624,-0.42330520917002545,-0.891742821388344,-0.09854995581423627,-0.946064297914802,-0.6275732405641266,0.22344886466938416,-0.3131344744691868,0.15587957413929338,0.3136849265014209,-0.2121945614065509,0.005982397165036816,0.005551658542987758
2014-04-01,2.8927188025874657,-0.33702836184369245,-0.038232065737308814,-0.1874899944049235,-0.6266414865505507,0.4079470027949181,-0.5833243837583765,-0.814857277251742,0.25587172327163576,0.049197253902207076,0.13337537975941777,0.23855174120756173,-0.1320348298543732,0.01627585228752101,-0.005236721226712232
2014-05-01,2.8105593474586077,-0.7581209517761319,-0.2901742038774328,-0.17424459651060645,-0.31600327422443725,-0.15937999790557997,-1.1991468138127042,-0.6118558432514676,0.024178558522771697,-0.17157577650749337,0.013808727001654536,-0.02947586449498999,-0.05131409451399183,0.01589933889866612,-0.0015482564649854477
2014-06-01,2.4716024939817887,-0.15921905517240312,0.5966895202185043,-0.8336419507415895,-0.7647217324278212,-0.31932150999572223,-0.9853945260550365,-0.05049757345601056,0.3265314150109,0.10840680584715393,-0.1494243957021022,-0.10557670623581528,-0.09384273264827213,0.016868696870630855,-0.003582752612547559
2014-07-01,2.340997704931318,1.581080333406555,-0.9084034617676632,0.8306543963692764,-1.102782486463447,0.05430603443289699,-0.09434790252928454,-0.5244751831570212,0.808780036231474,1.1940104843985866,-0.3036398382053791,-0.24700078241985268,-0.1823522400771791,0.016271908097041203,-0.0035267214175251915
2014-08-01,2.4026109909556097,-1.5981546386064365,-1.0334709929449577,-0.7451618434568488,-0.6491616692635003,0.6961858421252325,-0.76153481915942,-0.36113014011501643,-0.28826370993249706,-0.11642312679257397,-0.12298306124983917,-0.07593990281354868,-0.2640985353547581,0.028906068791817008,-0.012765504710339841
2014-09-01,2.092225885237372,1.200990480678107,-0.5161649645389204,1.137516287591686,-0.2162763639256688,-0.27186181146142413,-0.5245341240910988,-0.4832850774655192,0.07369807573347358,0.2368456786749354,-0.4724526963071619,-0.4474783010068247,-0.15771004651500858,0.024882257839833576,0.0027971627715959154
2014-10-01,2.384528917193652,-0.6072711978456805,0.6359382244457525,0.3302051265080819,0.7813303226428885,-0.15225326421414603,-0.822165198756778,0.26247819918076737,0.43070782195533375,-0.5427754541067131,-0.3467072605747027,-0.2835331270196358,-0.12101042422493795,0.03570203667647346,-0.011328764852683072
2014-11-01,2.47158673511036,-0.796960799807481,-1.574079417622903,0.27870303139117525,-0.6695563871332765,0.13271970616256162,-0.5735731086834902,-0.3175628387257506,-0.6473840564709825,0.08759584852923924,-0.6653298980026123,-0.10880274589254221,-0.0446161812655782,0.010734504224674821,0.012067677095225257
2014-12-01,1.997171460753382,0.979766795638286,-1.9288228169597428,0.7974636376575055,-0.9949989487502893,0.3885414971550086,0.17605813680394336,-0.17422565763707387,0.584495798406136,0.4799875280211604,-0.8245980083577308,-0.145999353598283,0.03664023764388876,0.00962402173680472,0.001232535211463097
2015-01-01,2.1509670956911284,-1.4622735623299643,-3.927584550636413,0.3938816030554682,-0.5828192482712626,0.6115778050968483,-0.7272922078261557,1.1858731830143177,0.20545733260464832,0.7970979138209829,-0.5114703640155236,0.11233353470143044,0.042015938550579536,0.022186076685102207,-0.004302192282339109
2015-02-01,1.6034843599115465,0.33801984274840324,4.148089504288336,-0.5313482609990187,1.2058906626885313,-0.3190778322573631,-0.04700845849859633,0.9730198406405791,-0.29627136133748,-0.7362223543726006,-1.312414955247891,-0.0569061554689741,-0.1126962868703539,0.01994804765302715,0.006309976169973372
2015-03-01,1.9235532861066529,0.06475372903170878,-0.7647402417319273,0.36671554142523116,-0.42415609217512884,0.5235115731655648,0.09390827192725298,-0.4324379345306003,-0.4390230307337612,-0.11265895104659532,-1.1468044138455242,-0.0850017274034722,-0.07590012506124379,0.003431009843647209,0.0007335111710328285
2015-04-01,1.7374838883914945,0.8345768959848079,2.327653746338628,-0.13198856130200254,0.23139276323624905,-0.008406593601815327,0.014631291921489162,0.2316949934383881,-0.014121136950398407,-0.05989232853816275,-0.8977853329761832,-0.13516735655421894,-0.10340865527968764,0.006544008019308414,0.0009795273255658525
2015-05-01,2.0544042789220813,0.10292526383700493,-0.1349448620241903,0.4637055234450913,0.029442990135305453,-0.10530638130349178,-0.5126363820307015,-0.18110229559277216,0.04935785257668423,0.013935510399899511,-0.7506126026600318,-0.348698938613506,-0.12144450466213312,-0.006654879781601159,0.00012728131698034283
2015-06-01,1.7144938520805,2.3576347664193813,1.3426331960778173,0.635558519519667,-0.24472984047744975,-0.4488866170635129,-0.1308692678228134,-0.14574030163331997,0.3218323751536829,-0.21897203212126418,-0.8581819832140238,-0.16133853260215994,-0.15739548157718564,-0.012445867187429644,0.0014513027461130102
2015-07-01,2.2526007228464264,-1.3857306481773803,-1.3986812584574542,-0.24049535216835224,-0.2188568525045049,-0.15817395420752853,-1.248972330498446,-0.03684013678115922,-0.8270018923281288,-0.04056019314485301,-0.7111138260720308,-0.010129574374647982,-0.18163342444478597,-0.016719960303623133,-0.00647199358830632
2015-08-01,1.690714560518277,3.418106809235194,-1.1913213290842113,1.9150252066425648,-0.5044652541089106,-0.19575768000953547,0.34744833996005575,0.8960009955321282,2.7188443170480707,-0.0023318570866652836,-0.5971453597113332,-0.4094646962942572,-0.12532413254475155,-0.006265800825723054,-0.006341990413398525
2015-09-01,1.8909077198946287,0.700424936288042,-1.9518038854435886,0.9005053381349186,-0.6741314846412448,0.5721190529267616,-0.1756758917769124,-0.1532250912068934,-1.2627444147948548,-1.2917210620965198,-0.7879137234504339,0.5900530548914834,-0.026818542239475815,-0.0004910909010665412,-0.007218163196482625
2015-10-01,2.145272107432454,-0.8439021013314439,2.1915787984097124,-0.30191049846474655,0.8829724637214581,0.10132503477025423,-0.21809948430439882,1.2968751672389833,0.3074317356196588,-0.17334723662923543,-0.6271974066745566,0.037048898732989284,0.07011253251504784,0.0051767112134832125,-0.000900912249447621
2015-11-01,2.2595789620707545,0.0028161457365718933,-1.943733997704357,0.9892595263342377,-0.9816934084372018,0.36243471215217987,0.10248601987553844,-0.4997606117856324,-0.845250939249584,0.01477379928442689,-0.8952398503465926,-0.1630335739818754,0.05773898079357697,-0.015275407273134565,-0.002246428760406538
2015-12-01,1.856092006612276,1.0103483892479435,-0.2888733061007724,0.9058765909821567,-0.14878271206276952,-0.755845996536019,-0.45814498991072705,0.17585104862064602,-0.9033350936493525,-0.36490052920598876,-0.9424930813047148,0.0465083182554064,0.08557501741429793,-0.017670482738606302,-0.006309982854218067
2016-01-01,2.025456997856711,0.5022741308910974,-1.2017490066863532,1.16596963931668,-0.22282223927918582,-0.024776632804853413,0.24428295648749143,-0.05391131759648633,-0.6138003920316352,-0.4622060846833124,-0.7386686446634093,0.22976128792343795,0.07850325786537109,-0.0007988104281625857,-0.014947476751012463
2016-02-01,1.9524040748220683,-0.14864777109019808,-0.44619657735942264,0.3885085018053463,0.3064347446178499,-0.7583295355854849,-0.47857990511089904,1.3169044338131524,0.9375302145474531,-1.9869762999849345,-0.4162386323443687,-0.21012009138633556,0.2445622338731076,0.006635123378061337,-0.003606612853317449
2016-03-01,2.1785822185182293,-1.7729192195183223,0.7866009462000171,-0.7023401527203371,-0.24003305149395582,1.1420056848600006,1.2643424587354999,0.6899402040511503,-0.2795712621467752,0.6956903511083723,-0.7285366370717736,0.4671597492222902,0.3999073056424431,0.0050131412557559854,-0.0012235972661249757
2016-04-01,1.9826689045618489,-0.3026076779846664,1.109744377575464,0.20511978111636725,0.2889440366100481,0.07852942956885038,0.5752630985166801,0.8275332541243051,0.4282830444218041,0.6140357961683843,-0.44843574794074426,-0.039072393012362906,0.28537941029662045,-0.0008196735460369698,-0.00554026969952385
2016-05-01,1.9015242747762293,-0.6117510126839469,-0.5219448471444486,-0.12779714074830573,-0.3043410688046779,-0.48247844868792644,-0.37157688785779547,0.47063113116139593,-0.34005035021634933,-0.148215087158849,-0.6241294167816884,-0.12121293796036495,0.17021279570053463,-0.011559210011824592,-0.007643166221413489
2016-06-01,1.898828019688566,-1.008157649896136,-1.713838034672606,0.0802468372993028,-0.9662311327658092,0.8558724622303184,0.8245439593511914,-0.012487089099112047,-0.016585493956542192,0.044522600145547736,-0.4509891559853446,-0.24870779163989196,0.18217938702381797,-0.0011462141992559796,-0.005693516481922578
2016-07-01,1.6229984343228434,-2.505954529953898,-1.7135624608771252,-0.8293426314569298,-0.5794078211389759,0.962259859192087,0.2642505334262303,0.21750066152674571,-0.4241572675767777,0.11355010374690919,-0.4777208844786219,-0.31068577365889083,0.36690406547517945,0.00014802901011830755,-0.004245212690659616
2016-08-01,1.1074066704780352,-1.1383292399824674,-0.8581352705024357,-0.9493239807452244,-0.783439911257061,0.5296295960162414,0.8254811055586336,0.7005790876481118,-0.3021319347554152,1.3548592164002258,-0.28867518895772587,-0.46277489021194695,0.3095918304413623,0.01421243558469531,-0.011083983860144602
2016-09-01,0.8323465195744165,0.5262018737211164,1.0097201372068714,0.4215751872922043,0.8534826309901001,-0.6678311393125284,0.4472556100613117,0.04763613461619836,0.18687217106970078,-0.8082655710309294,-0.46860147557197757,-1.1942850577177946,0.24696234965690947,0.012926105903710171,-0.007688731807924876
2016-10-01,0.7672693523919105,2.2956223879515316,3.816738473906866,-0.10125885394735179,0.2837663677467121,-0.0261030507449609,1.574879524664717,0.11827567590265328,0.052320122755901255,0.3604206517347985,-0.17165393029726858,-0.40723674276691824,0.18636890254992322,0.019819245478370717,-0.00646539873510024
2016-11-01,1.3935756064005576,0.5161105497772743,1.9004975312781434,0.7076084502986726,1.7095247107811928,-0.8396861681571686,-0.3352602096953816,-0.7609720698272686,-1.440506000275576,0.24231633959709523,-0.09381707159458541,0.014360569138713114,0.10908080359448567,-0.012700660098108338,0.012274699208284678
2016-12-01,1.5451284944902055,-1.1143448756782348,-0.6868771334676887,-0.9013463718995463,0.1685919585837868,0.42702549296782727,0.23243775966817184,-0.5235547113514127,0.36185322093952366,0.3925965895012869,0.33961796246057707,0.2106171501926564,0.04375680810704602,-0.02328665845098407,0.005646742875860886
2017-01-01,1.0491758513954281,0.3438119890180251,1.6089141523061838,-1.1382627572762452,0.2678144084778525,-0.3023245696669483,0.3899262380886904,-0.9230817042596637,0.00026264589264661823,-0.10835867597170808,0.19756642578230674,0.009532457447075999,0.048728079470454475,-0.019219283682352976,0.0012124637526413082
2017-02-01,1.2654242209842588,-1.2279453413530015,-2.065512155862878,-0.6612697441276684,0.23311523096457548,-0.4415976591804485,-0.5380480744921825,-0.5311110012593551,0.8473506135359564,-0.38525853583003344,0.5345820317360339,-0.4665880828099622,0.21526019168445887,-0.019990947598772926,0.00033210520028512217
2017-03-01,0.6319431337028781,0.3568293859034308,0.021486215684960952,-1.0673622109811802,-0.16069623782132064,-0.17516711332094442,0.734079019607072,-1.2405845166328453,-0.07032237893090956,0.22832560385399173,-0.10067725497488743,-0.026869712515347793,0.3786295700913597,-0.01886168001319831,0.001621676414165965
2017-04-01,0.7961195661297872,-0.7496182210366135,-0.010466425686235297,-0.6223868310555598,1.2141105685882512,-1.0038793087323412,-0.14823615621356867,-0.6662166104194258,-0.009628355400794734,0.16998974336467898,0.2311376591525788,-0.19510197736723398,0.4148194726067099,-0.012055783892781537,-0.001951238943240868
2017-05-01,0.8413544171256219,-0.8161446571286339,-0.7349951521976,-0.8280820576350639,0.5215005222386534,-0.7334585695233735,0.2380828163675937,-0.8397104415892405,-0.014907570990917668,0.35513817673781606,0.032989169981405705,-0.15651520960959867,0.4073785839684555,-0.015099415379572444,-0.00014104334691507846
2017-06-01,0.5560854596469645,0.4091233016025423,0.49282977512025034,-0.8725312912819084,0.501040101005015,-1.5255141324796748,0.38772635425527296,-0.4543914628059063,0.2702191245713196,0.4107719990000649,0.0017329788398044038,-0.25047351212045954,0.30758948923804574,-0.013989652330999705,-0.0008256754938749419
2017-07-01,0.8154306969350357,-0.8322665581055273,-0.19999330344783514,-0.5235528306362117,1.1234943437035136,-1.1437563451539035,0.6084250709604889,-0.8689222911664256,-0.10537031952268312,0.09125115549954982,0.10189562546746135,-0.059909407701317,0.25716626453097874,-0.014317268485431028,-0.00450545736460681
2017-08-01,0.6228142461385225,-0.4432022507646302,-0.9110658938683681,-1.0214654196023354,0.15222130555665175,-0.9701910589373886,0.8091016126872979,-1.069727439450998,0.01730569520698076,0.08543118189910907,-0.06758869750020516,-0.04621825929126927,0.3184619672627261,-0.016781159172376763,-0.005044650480095387
2017-09-01,0.33857756334277606,0.26966173979074265,1.3110894753046032,-1.5870594338834991,0.4715626457562968,-1.6868663368860235,0.47491401918241477,-0.3581456912759203,-0.06858331103741995,0.440595129624136,-0.11013083866788287,-0.07146319390125755,0.22511170003905193,-0.013346498573542604,-0.003236604671916935
2017-10-01,0.5431198492063626,-0.3243717385130761,-0.5176637926445644,-0.7671343250890231,0.7027484326479886,-1.3310555272148705,0.5086995756535584,-0.8454065902271399,0.15054834679063275,0.22040212595091654,-0.058318944032344756,-0.23955341176307676,0.12593290169133178,-0.020355380279790572,-0.0030415968366444396
2017-11-01,0.453911134237385,0.15036338908189129,-0.4175506517395816,-0.7912233899360119,0.12228635239986659,-1.2095501236116433,0.3407776602741139,-0.5886136054259808,0.17322986354771291,0.3695353986624733,-0.3211280610490826,-0.25090543899937645,0.07760221917655906,-0.021565408964315934,-0.00035762910805084154
2017-12-01,0.5460161445776127,-0.843594343618301,-1.3519324844903051,-0.4935699288420571,0.41333855246394063,-0.9634195036251977,0.5216487796130402,-0.8205378027334385,-0.47962174983172656,0.3851551774638604,-0.20949101677385507,-0.07190084532764397,0.03156633133651386,-0.022933410298699865,0.0022770237475287585
2018-01-01,0.23431196464356135,1.1018237043312287,0.31570881882851715,-0.5117268496040422,-0.009721999621498485,-1.2706615263942769,1.4262245698064777,-0.2144952493136096,0.7218688352880737,1.388449892796257,-0.0793188679535288,-0.21801919001926312,-0.14257001049370144,-0.021038540632722685,0.0024107168031657585
2018-02-01,0.13160962290641604,1.472192016017967,-0.5584924019965494,-0.05205246758212922,0.35752399850945477,-1.3665084390296804,0.8963059431141362,0.08482734726686578,0.8431990898070149,0.3674719096728213,0.22132334641634094,0.011100057563691671,-0.34511705180164925,-0.01451141474171486,-0.0098007703029034
2018-03-01,-0.09273000044401042,0.2915103130048596,-1.0569730029825857,-1.5423216982578787,-0.7748054888175308,-0.4066408615138769,1.2098129473751722,-0.04941384952953725,-0.5359373721792843,-0.049461999001316155,0.5048371438035666,0.5310025288298791,-0.5110591819635507,-0.005072888596483512,-0.0052922050766706
2018-04-01,0.10758946772194185,-0.4862975993946917,0.35211658388605827,-0.1412327440035842,1.6488497965459143,-1.3441816535584508,0.9041044010918645,-0.167286450987801,-0.8783569941949606,-0.06678999057559264,0.7156150095987689,0.1713763492836609,-0.5050986443049795,0.0109848262124752,-0.006728889144668713
2018-05-01,-0.06732928848640066,-0.05124202367884278,-0.4341495110022388,-0.8806342086835975,0.5744222273848129,-1.1407743679329458,1.132830095114774,-0.6446134304800448,-0.18513369581258157,-0.5776645081022416,0.4407803316581315,0.11990442400864156,-0.4223604083472327,-0.0037586493434549812,0.003674814989707246
2018-06-01,-0.15672729585675843,0.5253606926979313,-0.8624928091999033,-0.5968952926877441,0.2835065819145647,-1.6717866627300446,1.2550023912375998,-0.2551297141182586,0.263955177878883,0.3239599174807312,0.5794702226224994,-0.07519750549718059,-0.3644912565428793,0.0009073851381801576,0.0012479550418307544
2018-07-01,-0.14237466668479232,-0.9232752299366188,0.23675209587085316,-1.3651913084076952,1.086974760710663,-1.580137964276764,1.1154565945186163,-0.07061413963520476,-0.25212123366835554,-0.028415247184815428,0.5917413258397836,0.18518007424274402,-0.4163551631949466,0.0054822891716413205,-0.003919406999646482
2018-08-01,-0.12603182015497466,-0.28920306145389824,-0.7053229191791845,-0.6709912642457109,0.3393675161478302,-1.1268114368077649,1.3665116614509982,-0.6925806815406615,0.15970546901676919,0.07652896268860693,0.2633922099154958,-0.18823670639057716,-0.3850866135964195,0.0016935603816388678,0.001559999937058801
2018-09-01,-0.3299145751878958,0.03795138406169436,0.965543236166086,-1.1683655432470748,0.375038890439183,-1.106057157065542,1.5299681475724431,-0.7450923774902454,-0.4097929266774191,0.019614055192132298,0.37317028346585107,-0.013278187138762013,-0.38106155096272054,0.008520803769461892,-0.0009232095912831132
2018-10-01,-0.5018573898258979,1.0008857834503442,-2.3865014090783094,0.47345780338974264,0.6031187256828838,-1.6012070449117572,1.2461738196523193,-0.6233735472804695,0.6806002111679462,-0.08161633385496986,0.8030122694342438,0.04379710863096074,-0.23236139519726975,0.00914592812105373,-0.006176450905436315
2018-11-01,-0.8097197023480031,0.15377481504887072,-0.7343427097188983,-1.094023275905028,0.5047732144547739,-1.329917424343632,1.2469446947045102,-0.8840549104659559,0.2598396693608653,-2.6842877571158463,0.6039286381213226,0.02543834145843552,0.05271304523975493,0.020929965725287446,-0.00936433570629772
2018-12-01,-0.7773411761176868,1.244052410370741,-1.8583880947882285,-0.0044030347645689916,-0.059568947381342004,-0.7852151013220372,2.1708278549694464,-0.12818960157755327,-0.5695165798088178,1.5919618666434197,0.8888032412803107,0.9737597323707461,0.32203042111300917,0.04654675544671328,-0.008681866893482106
2019-08-01,-1.2538080143668713,-1.2948071661857528,-2.570090226309789,-3.1890105792111374,-1.6410608445362118,-0.5702602726816105,0.7997569957068434,0.4900867689493318,-0.2750343079908945,-1.6352338477723252,1.233215533729804,-0.03981371070487441,0.057782730254606826,0.026373358467223093,0.029611177836764268
2019-09-01,-1.3420784701334854,-0.1477218283018713,0.1937556567989353,-0.5898914701614936,0.9822426035983062,-0.8446944187630098,1.4509326261403512,-0.1804295003508871,-1.3846250111690794,0.3961239781241104,0.6108982029350664,-0.2729530668436046,0.2789360216639124,0.04026908250766155,0.012102833914816752
2019-10-01,-0.8747379533541092,-0.8135166277694097,-0.6581338258989011,-0.27089475666942076,1.4039639423454486,-2.0313151547395036,-0.08808073792105214,0.4986979407093195,-0.7390162010261353,-0.31595918089980446,0.4593206243773812,-0.982921591562714,0.1855289520092977,0.04005628053149505,0.002015875446277241
2019-11-01,-0.5900005545696848,-0.42123564101084626,-0.06376539459344686,-0.5073810085722186,0.5627086056067245,-1.1290083202262193,0.8285412399622,0.4815849941398073,-0.18496785998177573,0.02238495832769106,-0.10654218068436742,-1.0594979172931647,0.11829506835055068,0.036138252042273424,0.005738297394040706
2019-12-01,-0.4894324411458872,-0.5362348105044157,0.910193150856521,-0.41360189125663155,1.1755195376377572,-0.7070050638474794,1.1521720092288865,0.3693212714268154,-0.5932729250146717,0.14246892501182,-0.14362547169277695,-0.545311388645252,0.08593318042997825,0.03309043381488618,0.0024405650397784817
2020-01-01,-0.45392635663976666,-0.3940921442266471,-3.0650624625547223,-0.16969740034037675,-0.7200109886590792,-0.13219667231678373,1.30155522583364,0.2812539764829741,-0.12992639336221617,0.5172301024997309,0.17415433467569894,-0.64262464895819,0.0342980424449234,0.014847447967432476,0.0009298422557525713
2020-02-01,-1.2269935160806256,3.625619915743167,-2.0375020700087036,1.5118148740052808,0.0598373603546616,-0.12724051638057662,1.939391673291544,1.9883767456663544,1.9102544255903324,0.034015512390177624,0.7238479739526941,-0.05167101668266709,0.07950747833945668,0.013277549761305133,0.007814950301437747
2020-03-01,-1.1588169121010132,7.394144832785552,-3.8391122032293783,3.630164740550738,-0.9888440581247331,-0.4103420700832607,0.618970453830649,0.6536170534043537,-2.980070001650592,-1.4839194748467197,-0.12048850969907018,0.9975777710895111,0.061680539281413246,0.025719910169185012,-0.0029168978036987745
2020-04-01,0.7466274099141011,-2.044419945304576,-1.4749135742771196,0.09777309384294645,1.9183312052349888,2.1737633055778756,0.31799686731691623,3.4329481877783037,-0.9310042915548356,1.5655608184917185,0.41212444509470975,1.0564325327792787,-0.03908185545228799,0.03257391031198404,0.009641231186451927
2020-05-01,0.23478430876542852,-0.4334494219305621,0.8029083369654999,-1.0145120763281035,0.8048224169078251,1.8624159704407721,0.9309407738687862,1.9818716891087071,-0.3299258043591834,-1.0007355516662768,-0.12384814181207233,0.12393316155938325,-0.2817555708338336,0.007486115406596246,0.009326971671285173
2020-06-01,0.262843993171876,0.7733605226968222,-0.9226152093109816,0.6774873802326711,1.0302538292224053,0.9292078367592574,0.41388555398335597,1.8691490528412413,0.11035598332323278,-0.36178457940357395,-0.008297913144731156,-0.24083822636922206,-0.08314710253191072,-0.016403410631839303,0.014658226639661799
2020-07-01,0.35872925001086103,-0.6915555051150821,-0.12888828400932936,-0.7506459049691013,0.6018203216226817,1.4660062060274104,0.7076399005198577,1.7122923513043962,-0.1741966448535816,-0.3804300903371278,-0.06654847793919502,-0.1966082295430025,-0.04627409888943822,-0.014183335848420917,-0.0036365983527184022
2020-08-01,0.11994331900735755,1.2569982402320967,1.3258310438240026,0.11011027716839009,0.8892130563457318,1.2067105490199026,1.1239745863605135,1.094987060593736,-0.03511638602293837,-0.5961669500362408,-0.03828888102607284,-0.3321986475815345,0.051494568817184075,-0.024083464156886315,0.006006349017537632
2020-09-01,0.21178833672776848,0.9050298896197928,-1.2710878446178766,-0.01859860715016213,-0.17513199868937362,0.4896659423142554,-0.12309169020066896,1.1182496449602157,-1.0481354453121576,-0.3900395164620371,0.1578486955886053,-0.33884232387099317,0.07253247797749775,-0.028814707407912022,-0.006045316303622329
2020-10-01,-0.0008775585754738749,2.018956143517086,-1.042234215974271,0.7488413950465627,0.3989275170960826,1.577651928467932,0.7732663179612432,1.8336966731066726,0.07868813655962678,-0.2784472562251521,0.5923058953735937,0.29738360451687407,0.09452425464100489,-0.026817469568143317,0.0017606608017902497
2020-11-01,0.525249983767368,-1.5816068263759226,0.8835801586826508,-1.0465566467816427,1.2346370330077518,1.1011831750488936,0.002315626568365587,1.8098973231197022,-0.6531249107740835,0.004351549290275992,0.3987207341346804,-0.2404262105419015,0.035180263731334316,-0.026852188374261635,-0.00848372720023487
2020-12-01,0.3704424285092107,-0.004405595730878738,-0.9049145503233329,-0.0681430677138737,0.5398454953358033,0.6732870731938186,0.06457643114229619,1.1932755307417782,-0.12914073955976965,0.07720213766266201,0.05905763666684221,-0.5834855539842978,0.03471775637625947,-0.04690445378970225,-0.0013751522387880747
2021-01-01,-0.05279392644560922,2.515766720981166,0.4151594715602468,0.428587369013239,0.38812143291710277,1.3448073378016543,1.1137875029924569,1.2979249498463572,0.5515180952636751,-0.3546656375233039,0.2581367139656646,-0.06157668203121159,0.03983819383267944,-0.03462583627665646,0.002895359461560567
2021-02-01,0.25553688440707717,2.0603273811822245,2.765223758456957,0.3633449056797029,1.5400826002370998,0.5704536283563933,0.32060710469002324,0.9774749204998231,-0.9878984392903873,-0.42445073319074755,0.3426515659332425,0.2085148449245057,-0.008699051241779065,-0.030214105580173643,0.006562706312400526
2021-03-01,0.7270605339883928,0.07904032694673306,1.0326347060893608,-0.7141824311677402,0.535613681372909,1.0244244384210526,0.031089855428578433,-0.07508505335458275,-1.2269552143684348,-0.17793834354788246,0.36813196212124477,0.02369327968907483,-0.09084204965114852,-0.030752843330553403,-0.003900137316977508
2021-04-01,0.8254620280574427,0.43285299674397365,-0.01638344177208536,-0.2450665124935707,0.5223767462172294,0.19891645973484998,-0.5677962440538042,0.29690567993702577,-0.22554076028222844,0.6655815351917308,0.4203029610120867,-0.44390770333560586,-0.12309275293955534,-0.0375407393796116,0.012346818060148921
2021-05-01,0.7263814634582525,0.16210046979381185,0.24555734143965668,-0.871287712368896,0.03768272033556443,1.0046934870977176,0.02636628390571974,-0.5288064989690844,-0.5132438281415075,-0.14143644645892528,0.25001129124434895,-0.39776050727713314,-0.20702032056728997,-0.026077243305220304,-0.0033016665664845827
2021-06-01,0.7633843474969527,-0.43874253419451215,-0.815296140377299,-0.6733730230411884,0.5515526365390432,-0.1426708931737973,-1.2385597098532874,0.34381850571578837,-0.18402933021658674,-0.012471412008586076,0.34541984387776886,-0.7717873193205655,-0.12331114350594002,-0.01933453037789113,0.0016044134233748667
2021-07-01,0.42025652643428124,0.3301289270120672,-1.1239031630840757,-1.0816025551408022,-0.6366049139128369,1.0677364900862514,0.20626564424132518,-0.04679275013361814,-0.025690872437584184,0.7612707913735931,0.025547173121319672,-0.488888943551344,-0.16555666828173649,-0.01603920248883851,0.0026661213176892716
2021-08-01,0.23001399884705176,0.22801700431040237,0.2104224341563888,-0.8978519339448644,0.3539638129794006,0.6677193540122416,-0.22909099546078165,-0.13484854007165994,-0.4408179112460265,-0.20701305965955671,0.08470038201546669,-0.794688116561134,-0.19084119977681835,-0.006210506523325888,0.0010065926116321657
2021-09-01,-0.2832295024050872,2.6148869617993173,1.5752159100731788,-0.7362692179096655,-0.09002867811455548,1.5924515146768847,0.9873947278924675,-0.5348942483498965,0.45721702500335465,0.04514305064882932,0.24755693009167382,-0.5038623846459527,-0.1077465081158504,0.0024656992321347338,-0.005575047522504274
2021-10-01,-0.5704781466079898,0.2168085399022102,-0.6116118514646707,-2.9069224746189772,-0.920771502443458,1.1699175038886689,-1.1287687665716752,-0.3806785474336423,-1.5690208146082112,1.3761726682675648,0.21668323628650124,-0.085625106644607,-0.18154264342715157,-0.007421771833675872,-0.001993325637172789
2021-11-01,-1.0964651406344157,2.5053810065467883,-1.7594822762821678,-0.4476746767823526,0.012545092317194017,2.6224174958158253,0.4216715921326576,-1.3470550420043537,0.7436362495306464,1.0233770238813777,0.41726469792117954,-0.44641524085821116,-0.226545080885828,-0.00922179521787765,0.015076816131210532
2021-12-01,-0.767038875194281,-0.33001625514570826,0.5138075753235216,-1.5327911553021987,2.055920095149903,0.12082759732038767,-2.5817411320233385,0.49574723884095173,-0.1170289124541821,-0.6611926675200197,0.6886800485984746,-1.1176286842622993,-0.20301484139601877,0.012254467955009913,0.00036396281491588245
2022-01-01,-1.288318626224143,3.5439780868688553,0.4599437805859803,-1.006944200868253,-0.4801299693465444,1.436228704531526,-0.14549079505242038,-0.6945989246239607,0.3176628687637515,0.06817201816850296,0.08636070370534216,-0.8594826658364065,-0.211839159984224,0.015581074456984378,-0.007519833107198076
2022-02-01,-1.571760673570695,3.1331254083202817,0.9734237855179175,-0.9755374733690334,0.624166761716645,2.651443270144205,-0.6336407066231947,-0.8316442415005635,0.13786640903086775,-0.3755659384960648,0.24872677314576194,-0.06036434600971154,-0.031000560767841568,0.013139190757294007,0.0010298888833826325
2022-03-01,-1.5881203115120492,0.552997416377521,-0.5260147035090478,-2.4732320281046087,-0.13721192021612655,2.642221750101757,-1.8151157353902443,-1.358538382542931,-1.3053289150905782,0.05226303736019663,0.2820361050884793,-0.19585982641701496,0.07714739403678401,0.01224590676536156,-0.004305212237963188
2022-04-01,-2.1550911034445743,4.709559736853314,-0.6858563340540762,0.26831025232805356,0.2723691908587248,1.9562237367423219,-1.3498190625789304,-1.0349798441505438,0.5310635474161186,0.4783686073058998,0.5340622970486442,-0.564276919193485,0.14854298299622506,0.011708058247866927,0.0087896663183113
2022-05-01,-1.8146682540010057,1.683678235055385,0.9183904918036822,-0.15025999907261517,2.788496991266793,1.8034883433575577,-1.7714180286944514,-1.0798527418615587,0.6469380249756601,-0.11152556674191944,0.5137134633886651,-0.0974123876304687,0.30613059962142236,0.020418570795436276,-0.012450084014480967
2022-06-01,-1.6407502520489483,3.02205712022521,-3.9796651808566486,1.4354234217729518,1.4957072489569194,-1.9936396056079642,-4.086521609935097,-0.5181878281979497,-0.6438034899830787,-0.6472026983339707,0.04185046374806276,-0.29999051877780686,0.3594487630012514,-0.008733815689028665,0.017243875643280008
2022-07-01,-1.4694926965861332,-2.528552545054629,-0.6518302783680429,-2.7935470440997947,1.6984721082654357,2.3881031272055244,-0.007830481586240836,0.1551570522400621,1.9806966007870614,-0.9559618307586645,0.18534532362325057,0.6804572993663753,0.48566210474925,0.023876559438244464,-0.018212855486624945
2022-08-01,-4.031730432769097,4.3478565669612665,1.3875302572366017,-4.380858386967033,-2.4825180084784257,0.734332004269163,0.3208776969103556,-1.119174971978326,-0.16696313059658302,-0.5410312375630761,-0.5967224921322279,1.0067169806442817,0.5727666892283699,-0.009911781897858478,0.007248984365516327
2022-09-01,-4.436879365706391,4.851597602607275,1.3160415845685351,-2.6948801035838006,0.5600928146028294,-2.794931574195376,-3.3849439075981684,2.5174420136498976,0.2953518959244453,2.386120063796512,0.006309582329587999,0.8008322163509767,-0.008957935191713015,0.013203859122532085,-0.023160096290044146
2022-10-01,-2.7559900017793053,-1.2106433885636938,-1.5690139281266264,1.529925065887505,5.055355936924145,2.0097667569190523,0.3675414102737205,-2.2197946372837993,0.42743633035124595,-0.1800891139437206,-0.3326958000009115,1.2300177675761335,-0.2894028982564114,0.0015287772616164666,-0.015790754962332534
2022-11-01,-3.0061771914895075,-1.9118892163776582,-2.6194658898514436,-1.6517062321801264,1.1629913240315088,0.609134021300828,-0.8042307113058391,-0.723703056059877,0.7320039248101441,-0.058035424272607584,-0.18742739215604784,1.1801949174997872,0.003021000309773748,-0.024355767554107288,0.010241549760725107
2022-12-01,-2.9010706896287317,0.6916803288564521,-0.2471453419248651,0.9969579649455954,2.432391133377182,-1.7977655646677937,-0.9696446143682632,0.023858257617189037,0.7252722619678386,0.5037400409614547,-0.5385536828095868,0.6216885453886593,0.026839322031736397,-0.018397499123590448,0.006494460463462019
2023-01-01,-1.9469786959416624,-2.2459726007552905,-1.5036555755857401,0.6376496512880919,2.204429953233921,-1.1074408002574567,-0.5916658432454955,0.7006669238992023,0.935046169781706,0.2743559517711703,-0.45951575265708916,0.949944008847513,-0.12543245355588314,-0.017084158394114715,0.0073304036956136995
2023-02-01,-3.0284415748641673,0.6983231390584047,0.2149476302263946,-1.5423356634326197,-1.4240384872790535,-0.4344855587836269,0.5386741860115576,0.030727233403970634,1.0519749799372902,-1.2314862011537664,-1.33668410632744,0.9935923119278933,-0.19992724331569275,-0.027556530770180197,0.00896454159801801
2023-03-01,-2.8322573025703295,-1.0806354630416626,-0.7386081794947373,-0.5911933826665051,-0.6817692124253062,0.38939223754669233,0.7042386534581747,-0.2226483430245912,0.23946329358132828,-0.11704644035503262,-0.7740189476363917,0.7521438205227715,-0.05823133183061247,0.005356533683428725,-0.007331998451853741
2023-04-01,-2.883801736625165,-1.2440682130813607,-0.488212092868357,0.18584069381100335,0.2815698350297035,-1.0740790547908368,-0.4694805792327687,0.17840534978466463,-0.07943528057216755,-0.1770217003379027,-0.788102128369305,0.2620983272850205,0.006926714342592184,-0.000983833751398608,0.0121908114546187
2023-05-01,-3.4906099390805108,-0.007520292471634103,0.814313498931607,-0.9004290874490857,-0.8618228606441372,-0.966659097538396,0.08839742144931344,0.34029740489064875,-0.00467655971661978,-0.7277277819855535,-0.8971537180980889,0.492148027573181,-0.10909996981056415,0.004927804676434054,-0.0029496941741787223
2023-06-01,-4.21044626733352,-1.4099187113097167,-1.1380488421941932,-3.6060263481762274,-3.146227989070957,-0.9199054587065566,-1.147119707535127,1.68870288901148,0.8888791932346966,-0.262740369723889,-0.995458922718103,-0.251647902553544,-0.29831296278659875,0.008368071461056958,-0.01470798316611053
2023-07-01,-3.5107761519966654,-1.6146829042631097,0.21626309936123736,2.24609766922513,1.821596693691324,0.19422882010238365,0.13539415111665304,-0.3172782737471245,-0.2146231554039017,0.9640637868893653,-1.7580498318092086,-0.40134314510803343,-0.1972246454567859,0.010974844127645343,0.0037600250871092653
2023-08-01,-3.529462169430396,-1.2145055424127529,1.0447251109390794,0.8141389413986246,0.3872651372068513,0.029220415726918966,-0.05013934927351803,-0.385558792564742,-0.3957926554038618,-0.2992080701239534,-1.7279799679173964,0.03536325713257658,-0.2393290378960445,0.002349896466762156,-0.0014348198722944486
2023-09-01,-3.198107958163442,-0.003746921012182944,1.0978022522058544,2.1457692144622027,0.19799868695346823,1.1157968466421928,1.318631594962782,-1.5013733106582212,0.24537130304917976,-0.11897196761211157,-1.3267657036660476,0.12945049375773945,-0.0358146826707409,0.006507238368610844,0.0004651785605894736
2023-10-01,-2.7582559895767305,-0.4576632251167417,0.6563047598660838,1.8550417590426045,-0.007653011537093228,-0.14614346931875039,-0.30804530243651496,-0.4423766401828632,-0.48663769438580406,0.4206277849101089,-0.5965913175370524,0.39583188733036284,0.060307422145932967,0.01252201207524213,0.003673818259205772
2023-11-01,-2.3342784625753024,-3.2645540778593674,-0.24861940212716518,0.06410271775097741,-0.6121677342513355,0.37586692548563283,-0.5199456888283978,0.514330018291264,0.9423322088105268,0.26241292068742106,-0.15684235574764402,0.03022152377144219,-0.01604324373479779,0.012608567163257233,0.008283073671730723
2023-12-01,-2.034262220944899,-3.0972886137059605,-0.01349735226730289,1.5989529100135038,0.09272026644123652,0.811092165361681,0.4436434152468607,-0.2941336117259428,0.5368685411570653,0.6427452843434734,-0.28872947347407596,-0.0748692920069401,0.11262437647094335,0.011260764116242414,0.02163536447067065
2024-01-01,-2.61423668683603,-0.8800271206824959,0.8051806375302417,0.550320548530333,-1.6837151769498437,-0.17846610041235017,0.008631353922862014,-0.22993726271038217,0.25441477485101843,-0.8300060852750659,-0.3090364458222374,-0.28598160466144024,0.14513027214494595,0.005628563943836961,0.014329932983588548
2024-02-01,-2.812757212470399,-0.9816447815089918,0.6579856009300813,0.008823778466826807,-2.008549939674992,-0.6634464967198974,-0.577254129490855,0.5111083661547315,-0.19205392543745523,0.5928768824082944,-0.28658891074291754,-0.213054999117405,0.10172893992545806,0.0017578268086296393,0.012320482778153084
2024-03-01,-2.721691201440245,-1.8137740992258022,0.23187199543625625,0.8054136538543476,-1.405369415996841,0.8352807037596255,0.5417662703638506,-0.7166096119263907,-0.1427975042706831,-0.009788834740914847,-0.17173502463975493,-0.37086410217964144,0.006630685042832068,0.00528599157766001,0.004808733951169026
2024-04-01,-3.2150745959692353,-0.018831490693839253,1.6638670695429765,0.5469584690659469,-1.5968781176898117,0.10546459854797029,0.0940297043056922,-0.3067890457769704,-0.06885168814528415,0.15881246296456866,-0.027596672927097093,-0.353086147679357,0.04911335332790805,0.011081116101049632,-0.0054511239357252494
2024-05-01,-2.8791872942425427,-1.602851674827145,0.7519966649717613,0.74494181258925,-0.9997930014062225,0.19080223589246093,-0.3717366936428936,-0.250470983920878,0.03106610256997023,0.3621805670901623,0.32112885734925767,-0.5882027809221338,-0.009171479391625463,0.010368360973702235,-0.00019530719260867015
2024-06-01,-2.6048651111688614,-1.6716743712518527,0.23430990364471777,1.605287266707495,-0.5586016520748193,-0.47854548984332257,-0.7662116727035869,-0.20099469213780433,-0.10635411986156941,0.09891974819423059,0.29389728707759105,-0.8401757191379035,-0.021153863107042,0.0044294290325049245,0.007056129337984831
2024-07-01,-2.460852056330197,-1.0931943361836118,0.36639509038442203,2.0592826439501626,-0.39181769977147,0.3329364685309847,0.30126076202420604,-0.22094265589816903,0.9728941883796677,0.6941487733689593,0.11957825521674381,-0.4209110963406067,0.07904110477763894,-0.003917291115499403,0.007905137079558184
2024-08-01,-2.394309398468753,-2.312281913782848,1.4437741768525667,0.4403119768215896,-0.20815525874853325,-0.6471914460655633,-0.7567419779171016,0.5019795307132844,-1.2410427562101223,-0.26724724046673326,0.4769603279130882,0.3666354202012807,-0.0420588391014279,-0.0009499822607038078,0.002022429782603484
2024-09-01,-2.044366098309728,-1.5705373104149316,1.5564057502099584,1.3293259492608829,-0.35282834672264635,0.012833756554037574,0.004956590421403273,0.21514451334096288,-0.12399890945339467,-0.49386468822660456,0.4598452544111407,-0.03738454810326633,-0.09418252047354393,-0.0010881701462720527,0.008492262108310517
2024-10-01,-2.1764951784875994,0.5216151590035669,1.2156459845117884,1.1468652859527517,-2.12286505518358,0.5146038571062757,0.11321615429053963,0.5218363119360033,-0.12116863323319167,0.4602620759732069,0.4323034185816765,0.23832163043235977,-0.16702871849304657,-0.004561004176780508,0.008090311817452333
2024-11-01,-1.6979675764697713,-2.4307889903394506,0.7170134959557843,0.7680959167262426,-1.0428441562087625,0.7017151098363378,-0.53736642481503,-0.25926735630327835,-0.7912163845491069,-0.509889514691476,0.5489584780402396,-0.3157711933584128,-0.21736045355760122,-0.0008304005545018702,-0.004528127099651021
2024-12-01,-1.6254461665902635,-0.05681040628085503,1.299480730930699,2.3682987892793683,-0.727521871164086,0.32113668740348467,-0.08724755648887669,-0.2584459181117686,0.511098733796854,0.32689671117959057,0.39269133329854045,-0.6705694649803914,-0.057375046424242765,-0.0008753522226099907,-0.007221657986244731
2025-01-01,-1.3061535323118616,-0.9150523767588006,1.8541894576321474,1.5030034793734264,-1.1174856089226306,1.2463152027487256,0.012651880341856539,-0.4224432609621288,-0.019584494307545837,0.3435182704344908,0.5226820210990785,-0.1955652136771405,-0.06711095360867449,0.0004811534340995503,-0.011104340631321683
2025-02-01,-1.3094000766527256,-0.7887726214105912,0.42812286042577,1.575736759551581,-0.8900415070867238,0.10910324151488078,-1.0104743310761262,0.27695026210920015,0.32990609167089247,0.026260040780395,0.9623616903177782,-0.17587074719884696,-0.03863407477912065,-0.008526589857901066,-0.004416385990953325
2025-03-01,-1.4471338168343053,0.25097177463692916,1.5221874058927278,1.6606846018016768,-1.0050534931698303,0.6136044029026624,-0.22469411950306947,-0.5064679514415097,-0.5161130328845284,-0.6727475995109664,0.7577808009209318,0.35923203018807515,-0.02484886343442207,0.001946409088493288,-0.017827778843288608
2025-04-01,-0.6880363279970785,-0.7645915803385899,0.06195571290713908,3.188158335764818,0.20665529644643826,0.37475604055939765,-0.6215181349509395,0.1248905815860012,0.608905302339723,-0.41598381892439995,1.3029010436797654,0.17450245697435046,0.1705444018605538,0.015356391439194416,-0.012004114214262398
2025-05-01,-0.7634473814441394,-1.16803205933399,1.3728449307640287,0.6722645711414857,-1.2702728646352572,-0.2027508255356591,-0.5367397440302456,0.4698157313921298,-0.20193646383056707,-0.2749925279572253,1.0617306728235119,0.4938842707459902,0.15090401358537317,-0.006562846897511673,0.010030481310015183
2025-06-01,-0.34712230875799316,-1.6629116426822477,0.04505062865033586,2.1200997211009285,-0.35848915794456265,-0.6229322394052191,-0.6118651086860081,0.09027289538705861,0.11868529780319774,-0.16576374737936767,0.8954425152809699,0.08193099852065988,0.17538411814635432,-0.012682414902636488,-0.0009061098011338059
2025-07-01,-0.47101700916247285,-0.9771160005545173,1.3232512043925195,1.3265976258279804,-1.0354493276076493,-0.07307162775259061,0.29420968790878715,-0.16715993150983982,0.3080679680122654,-0.2157529319653527,0.5522980164968095,0.424725543111915,0.20677111803722098,-0.02077057665871243,-0.0022451462325280636
2025-08-01,-0.3876834309133468,-1.0476637442994683,1.432333313647657,1.3394273763752218,-0.5896148199202477,-0.9478260838386693,-0.1097187254015055,-0.14195736239071066,0.0629442182517442,-0.6285210667233105,0.7628021881450113,0.33598173290441596,0.24632589966702984,-0.020497030909626096,-0.013773471953692927
2025-09-01,-0.24791960035825295,-1.2193999460261213,0.43083804407572146,0.900219099053742,-1.5942507968870492,-0.5084030399255333,0.07380239509533243,0.12852112421905776,-0.007440371451227262,0.2665535193807401,0.8155543235212933,0.4973377493983887,0.197444437217194,-0.020164723979870427,-0.01566326663647107
2025-10-01,-0.042706925068797766,-1.3527634371794515,-0.4381221319308955,1.6760304449187822,-1.2837786421875785,-0.6313046068455033,-0.2949496429814528,0.414963519932178,0.017515988475997116,0.4559871549598688,0.7519821864299127,0.2827861869145586,0.07646340275163817,-0.018707656478104205,-0.009505878676598146
2025-11-01,-0.03168311212558576,-0.7657341605467815,1.2199719896141619,1.5236124249621332,-1.3003960333063422,-0.18364756069635543,0.059604583410497194,-0.01249959357371013,-0.4657016541353294,-0.009915390967824017,0.286785844782579,0.3376584612866274,-0.0551385177396096,-0.014837739407949406,-0.01172433195575201
2025-12-01,0.22938416604391187,-1.1950727162503476,0.8636701535886164,1.4814934712718661,-1.2275864106043404,-0.4824341684302485,-0.4510296752388216,0.32296192329933004,-0.18862272011016595,0.02791079263271003,0.4022260839950408,0.04999867844038597,-0.14426296744809722,-0.013458574859280283,-0.010809594634097435
